Sales,Count of Region
12.96,56
15.552,39
19.44,39
10.368,36
25.92,36
32.4,28
6.48,21
17.94,21
20.736,19
14.94,17
11.52,14
10.272,13
45.36,13
5.76,12
8.64,12
14.62,12
31.104,12
39.96,12
5.04,11
5.184,11
13.12,11
13.36,11
14.352,11
38.88,11
5.56,10
9.96,10
11.56,10
11.76,10
24.56,10
47.984,10
61.96,10
64.96,10
71.976,10
89.97,10
6.16,9
7.38,9
7.968,9
8.56,9
9.84,9
11.68,9
11.952,9
11.96,9
12.39,9
14.76,9
16.52,9
23.92,9
31.984,9
59.52,9
74.352,9
83.92,9
239.97,9
5.248,8
8.26,8
8.448,8
10.56,8
15.92,8
18.24,8
18.9,8
22.96,8
26.4,8
28.4,8
35.168,8
36.288,8
37.94,8
41.96,8
44.4,8
99.98,8
302.376,8
4.608,7
4.928,7
5.344,7
6.24,7
6.848,7
9.82,7
10.688,7
11.36,7
11.808,7
12.672,7
15.936,7
17.12,7
17.48,7
18.84,7
19.92,7
20.04,7
20.7,7
21.4,7
22.72,7
25.344,7
33.568,7
35.88,7
47.952,7
49.12,7
51.84,7
59.97,7
79.96,7
87.92,7
104.85,7
119.96,7
123.92,7
149.95,7
199.98,7
239.976,7
2.88,6
3.168,6
3.52,6
3.76,6
3.984,6
4.448,6
5.28,6
5.904,6
6.096,6
6.63,6
6.672,6
6.912,6
7.16,6
7.872,6
7.92,6
7.98,6
8.544,6
8.72,6
8.82,6
8.856,6
11.12,6
11.648,6
12.84,6
13.392,6
13.98,6
14.4,6
14.7,6
14.73,6
15.24,6
15.28,6
15.84,6
16.74,6
17.52,6
17.9,6
19.98,6
23.68,6
23.976,6
25.06,6
29.9,6
37.68,6
41.86,6
44.75,6
45.68,6
49.568,6
51.75,6
64.784,6
79.92,6
91.96,6
105.52,6
141.96,6
154.9,6
159.98,6
166.44,6
180.96,6
201.584,6
242.94,6
263.96,6
301.96,6
479.97,6
479.984,6
2.946,5
3.15,5
3.564,5
4.36,5
5.88,5
5.98,5
6.368,5
6.56,5
7.3,5
7.712,5
7.992,5
8.016,5
8.928,5
9.24,5
9.248,5
9.344,5
9.64,5
9.912,5
10.86,5
10.9,5
10.95,5
11.16,5
11.784,5
12.42,5
12.6,5
13.9,5
13.904,5
14.56,5
14.9,5
15.984,5
16.56,5
17.04,5
17.088,5
17.34,5
17.46,5
17.472,5
19.68,5
21.36,5
22.92,5
23.12,5
24.448,5
26.72,5
29.6,5
30.56,5
31.44,5
31.56,5
31.68,5
35,5
36.4,5
39.92,5
39.98,5
40.68,5
40.74,5
41.4,5
43.92,5
54.9,5
59.94,5
59.98,5
60.12,5
67.8,5
71.96,5
77.952,5
79.36,5
81.96,5
84.784,5
90.48,5
91.36,5
92.94,5
105.584,5
106.32,5
111.96,5
122.97,5
129.92,5
146.73,5
146.82,5
149.97,5
158.376,5
159.984,5
161.568,5
195.64,5
218.352,5
244.55,5
332.94,5
339.96,5
354.9,5
377.97,5
389.97,5
431.976,5
503.96,5
542.94,5
603.92,5
629.95,5
1.344,4
2.624,4
2.688,4
2.78,4
2.896,4
3.488,4
3.64,4
3.96,4
4.224,4
4.368,4
4.768,4
4.896,4
4.98,4
5.78,4
5.84,4
5.94,4
6.08,4
6.264,4
6.72,4
7.04,4
7.56,4
7.78,4
7.83,4
8.34,4
8.4,4
8.96,4
9.216,4
9.45,4
9.552,4
10.08,4
10.776,4
10.896,4
11.07,4
11.34,4
11.54,4
12.224,4
13.48,4
13.76,4
13.96,4
14.016,4
14.368,4
14.952,4
15.696,4
15.712,4
15.992,4
16.4,4
16.68,4
16.9,4
17.64,4
17.856,4
18.28,4
18.496,4
18.528,4
18.54,4
18.69,4
18.96,4
19.456,4
19.9,4
20.16,4
20.32,4
21.12,4
21.56,4
21.93,4
22,4
22.2,4
22.58,4
22.608,4
23.36,4
23.472,4
23.88,4
24.1,4
24.816,4
24.9,4
25.16,4
27.36,4
27.46,4
28.752,4
29.34,4
29.7,4
29.97,4
30.84,4
30.96,4
31.744,4
31.92,4
33.4,4
33.488,4
34.24,4
36.24,4
36.63,4
38.52,4
39.68,4
40.48,4
41.472,4
43.176,4
43.6,4
44.46,4
45,4
45.92,4
45.98,4
47.976,4
47.992,4
50.352,4
51.45,4
51.968,4
55.48,4
56.3,4
61.44,4
62.31,4
63.96,4
69.52,4
70.95,4
70.98,4
78.304,4
81.98,4
85.056,4
87.168,4
87.71,4
88.776,4
89.568,4
92.52,4
94.85,4
95.968,4
95.976,4
97.82,4
98.16,4
98.352,4
99.2,4
99.99,4
109.92,4
110.96,4
113.568,4
114.2,4
116.28,4
122.352,4
143.7,4
146.352,4
147.184,4
148.48,4
163.96,4
165.6,4
170.352,4
177.48,4
179.97,4
182.94,4
186.54,4
191.82,4
191.976,4
192.16,4
199.95,4
209.97,4
211.168,4
212.94,4
222.384,4
230.28,4
241.568,4
241.96,4
242.352,4
249.584,4
257.98,4
272.94,4
276.784,4
283.92,4
299.97,4
302.94,4
307.98,4
314.352,4
314.55,4
317.058,4
319.968,4
323.1,4
344.91,4
387.136,4
419.4,4
447.84,4
470.376,4
535.41,4
587.97,4
801.568,4
895.92,4
979.95,4
1117.92,4
1199.976,4
2799.96,4
1.08,3
1.188,3
1.728,3
1.788,3
2.304,3
2.376,3
2.502,3
2.61,3
2.724,3
2.808,3
2.96,3
2.97,3
3.264,3
3.28,3
3.304,3
3.424,3
3.552,3
3.592,3
3.798,3
3.882,3
3.912,3
4.464,3
4.624,3
4.672,3
4.752,3
4.992,3
5.16,3
5.46,3
5.58,3
5.64,3
5.68,3
5.715,3
5.984,3
6,3
6.048,3
6.408,3
6.54,3
6.68,3
7.056,3
7.152,3
7.184,3
7.28,3
7.31,3
7.312,3
7.36,3
7.656,3
7.88,3
7.9,3
7.96,3
8,3
8.04,3
8.288,3
8.32,3
8.67,3
8.8,3
8.904,3
8.94,3
9.144,3
9.184,3
9.42,3
9.568,3
9.728,3
9.94,3
10.16,3
10.332,3
10.44,3
10.528,3
10.584,3
10.68,3
11.088,3
11.168,3
11.21,3
11.232,3
11.264,3
11.352,3
11.696,3
11.84,3
11.88,3
12.176,3
12.192,3
12.56,3
12.624,3
12.768,3
12.99,3
13.128,3
13.216,3
13.344,3
13.872,3
13.92,3
14.04,3
14.2,3
14.28,3
14.624,3
14.67,3
14.82,3
14.88,3
14.91,3
14.98,3
15.008,3
15.12,3
15.232,3
15.48,3
15.51,3
15.56,3
15.8,3
15.96,3
16,3
16.032,3
16.192,3
16.776,3
16.784,3
17.22,3
17.28,3
17.712,3
17.76,3
17.904,3
17.92,3
18.16,3
18.264,3
18.336,3
18.688,3
18.72,3
18.75,3
18.936,3
19.04,3
19.05,3
19.136,3
19.296,3
19.76,3
19.936,3
19.99,3
20.016,3
20.65,3
20.94,3
21.24,3
21.48,3
21.96,3
21.98,3
22.14,3
22.32,3
22.368,3
23.04,3
23.1,3
23.2,3
23.34,3
23.832,3
23.968,3
23.988,3
23.99,3
24,3
24.32,3
24.588,3
24.672,3
24.96,3
25.032,3
25.488,3
25.584,3
25.68,3
25.71,3
25.98,3
25.984,3
25.99,3
26.16,3
26.38,3
26.88,3
27.168,3
27.24,3
27.42,3
27.72,3
27.92,3
27.93,3
28.91,3
29,3
29.12,3
29.16,3
29.24,3
29.79,3
29.8,3
29.99,3
30,3
30.44,3
30.48,3
30.816,3
31.05,3
31.4,3
32.064,3
32.896,3
33.29,3
33.36,3
33.48,3
33.9,3
34.44,3
34.5,3
34.58,3
34.65,3
34.86,3
35.06,3
35.4,3
35.91,3
36.44,3
36.624,3
36.784,3
36.84,3
37.44,3
37.52,3
38.976,3
39.072,3
39.88,3
39.9,3
39.992,3
40.08,3
40.2,3
40.776,3
40.99,3
41.28,3
41.568,3
41.72,3
41.9,3
42.6,3
42.76,3
43.56,3
43.68,3
44.784,3
45.528,3
46.2,3
46.53,3
47.04,3
47.616,3
48.94,3
49.632,3
50,3
50.12,3
51.312,3
52.68,3
54.816,3
55.176,3
55.92,3
55.984,3
56.52,3
56.56,3
56.704,3
57.75,3
58.32,3
58.48,3
60.84,3
62.94,3
63.312,3
64.14,3
65.584,3
66.112,3
66.96,3
67.136,3
68.46,3
68.52,3
69.456,3
69.93,3
70.368,3
70.56,3
71.088,3
71.98,3
72,3
72.588,3
72.784,3
75.18,3
75.88,3
76.12,3
76.776,3
77.55,3
77.6,3
77.88,3
79.14,3
79.99,3
80.96,3
80.98,3
82.368,3
82.8,3
85.246,3
85.96,3
86.352,3
88.752,3
88.768,3
91.68,3
95.84,3
95.94,3
95.984,3
96.08,3
99.136,3
99.372,3
99.87,3
100,3
100.704,3
100.8,3
101.94,3
105.98,3
113.888,3
113.94,3
114.95,3
115.296,3
119.04,3
119.8,3
119.94,3
119.976,3
120,3
121.104,3
122.12,3
122.94,3
124.36,3
127.764,3
127.95,3
127.984,3
128.85,3
129.3,3
129.568,3
132.52,3
139.96,3
140.736,3
144.12,3
145.764,3
153.584,3
154.764,3
155.372,3
161.94,3
164.88,3
167.94,3
173.488,3
173.94,3
174.95,3
179.94,3
182.72,3
184.66,3
184.752,3
185.376,3
191.968,3
194.352,3
195.136,3
196.776,3
197.97,3
198.272,3
199.9,3
199.96,3
204.95,3
207,3
209.7,3
211.96,3
215.976,3
217.584,3
219.84,3
221.024,3
225.296,3
230.376,3
238,3
239.96,3
239.984,3
249.95,3
254.352,3
255.968,3
259.136,3
266.352,3
271.764,3
271.96,3
273.96,3
279.9,3
279.96,3
287.97,3
321.568,3
323.976,3
333.576,3
335.52,3
341.96,3
359.97,3
360.38,3
368.91,3
368.97,3
371.97,3
391.98,3
398.352,3
408.744,3
437.85,3
443.92,3
447.86,3
481.32,3
487.984,3
501.81,3
528.43,3
600.558,3
619.95,3
629.1,3
657.93,3
659.9,3
698.352,3
735.98,3
772.68,3
783.96,3
859.2,3
959.984,3
1085.42,3
1287.45,3
1325.85,3
1793.98,3
1801.632,3
1.248,2
1.408,2
1.476,2
1.68,2
1.81,2
1.824,2
1.872,2
1.908,2
1.964,2
1.98,2
2.214,2
2.286,2
2.296,2
2.328,2
2.368,2
2.48,2
2.52,2
2.672,2
2.694,2
2.816,2
2.89,2
2.892,2
2.912,2
2.92,2
2.934,2
2.952,2
2.992,2
3,2
3.008,2
3.036,2
3.048,2
3.132,2
3.204,2
3.282,2
3.318,2
3.328,2
3.36,2
3.38,2
3.392,2
3.444,2
3.62,2
3.648,2
3.69,2
3.744,2
3.75,2
3.762,2
3.89,2
3.9,2
4.02,2
4.13,2
4.158,2
4.16,2
4.28,2
4.312,2
4.344,2
4.419,2
4.712,2
4.842,2
4.91,2
4.95,2
4.96,2
5.104,2
5.214,2
5.22,2
5.232,2
5.4,2
5.472,2
5.552,2
5.584,2
5.607,2
5.67,2
5.728,2
5.8,2
5.96,2
5.97,2
6.12,2
6.208,2
6.216,2
6.28,2
6.3,2
6.57,2
6.58,2
6.608,2
6.688,2
6.888,2
6.9,2
6.976,2
6.984,2
6.99,2
7.08,2
7.104,2
7.218,2
7.23,2
7.24,2
7.408,2
7.52,2
7.61,2
7.64,2
7.752,2
7.76,2
7.824,2
7.86,2
7.89,2
8.226,2
8.28,2
8.376,2
8.568,2
8.608,2
8.73,2
8.736,2
8.74,2
8.76,2
8.784,2
8.92,2
8.952,2
9.156,2
9.21,2
9.26,2
9.264,2
9.296,2
9.32,2
9.328,2
9.392,2
9.408,2
9.48,2
9.54,2
9.584,2
9.648,2
9.664,2
9.68,2
9.762,2
9.78,2
9.98,2
9.99,2
10.02,2
10.048,2
10.11,2
10.192,2
10.43,2
10.476,2
10.48,2
10.64,2
10.65,2
10.71,2
10.74,2
10.744,2
10.78,2
10.92,2
11.22,2
11.364,2
11.416,2
11.424,2
11.568,2
11.67,2
11.673,2
12.294,2
12.32,2
12.35,2
12.48,2
12.544,2
12.7,2
12.72,2
12.76,2
12.78,2
12.816,2
12.828,2
12.992,2
13.04,2
13.05,2
13.08,2
13.092,2
13.11,2
13.184,2
13.248,2
13.272,2
13.28,2
13.52,2
13.592,2
13.71,2
13.776,2
13.89,2
14.03,2
14.112,2
14.136,2
14.16,2
14.301,2
14.304,2
14.48,2
14.52,2
14.576,2
14.592,2
14.85,2
14.97,2
14.976,2
15,2
15.072,2
15.224,2
15.26,2
15.36,2
15.42,2
15.52,2
15.528,2
15.57,2
15.66,2
15.7,2
15.75,2
15.76,2
15.872,2
15.88,2
16.02,2
16.056,2
16.272,2
16.28,2
16.448,2
16.464,2
16.656,2
16.72,2
16.768,2
16.99,2
17.14,2
17.248,2
17.31,2
17.38,2
17.43,2
17.456,2
17.496,2
17.544,2
17.568,2
17.61,2
17.88,2
17.96,2
18,2
18.088,2
18.176,2
18.288,2
18.312,2
18.368,2
18.432,2
18.45,2
18.464,2
18.588,2
18.656,2
18.76,2
19.008,2
19.152,2
19.3,2
19.36,2
19.46,2
19.52,2
19.56,2
19.648,2
19.65,2
19.824,2
19.96,2
20.104,2
20.232,2
20.24,2
20.34,2
20.544,2
20.724,2
20.768,2
20.784,2
20.808,2
20.86,2
20.88,2
20.928,2
20.96,2
21.184,2
21.3,2
21.312,2
21.72,2
21.728,2
21.744,2
21.8,2
21.84,2
21.88,2
21.936,2
21.99,2
22.05,2
22.23,2
22.288,2
22.38,2
22.428,2
22.5,2
22.512,2
22.704,2
22.75,2
22.752,2
22.83,2
22.848,2
23.16,2
23.32,2
23.616,2
23.696,2
23.84,2
24.4,2
24.424,2
24.64,2
24.7,2
24.784,2
24.85,2
24.896,2
25.02,2
25.12,2
25.176,2
25.248,2
25.3,2
25.32,2
25.35,2
25.4,2
25.44,2
25.5,2
25.76,2
25.824,2
25.83,2
25.86,2
25.9,2
26,2
26.046,2
26.176,2
26.2,2
26.25,2
26.352,2
26.55,2
26.7,2
26.85,2
26.96,2
26.976,2
27.12,2
27.18,2
27.216,2
27.396,2
27.44,2
27.552,2
27.696,2
27.888,2
27.936,2
27.96,2
27.968,2
28.14,2
28.44,2
28.8,2
28.9,2
29.2,2
29.22,2
29.46,2
29.472,2
29.52,2
29.84,2
29.95,2
30.08,2
30.144,2
30.18,2
30.336,2
30.36,2
30.4,2
30.88,2
30.98,2
31.08,2
31.086,2
31.12,2
31.176,2
31.5,2
31.504,2
31.776,2
31.86,2
31.96,2
31.968,2
32.04,2
32.06,2
32.34,2
32.48,2
32.54,2
32.544,2
32.67,2
32.7,2
32.776,2
32.784,2
32.952,2
32.96,2
33.11,2
33.28,2
33.63,2
33.96,2
34.02,2
34.05,2
34.08,2
34.248,2
34.4,2
34.504,2
34.68,2
34.7,2
34.76,2
34.848,2
34.944,2
34.95,2
35.04,2
35.1,2
35.12,2
35.232,2
35.28,2
35.34,2
35.36,2
35.44,2
35.52,2
35.56,2
35.808,2
35.96,2
35.97,2
36,2
36.27,2
36.56,2
36.6,2
36.672,2
36.792,2
36.96,2
37.056,2
37.17,2
37.32,2
37.376,2
37.408,2
37.59,2
37.74,2
38.088,2
38.34,2
38.82,2
38.864,2
38.97,2
39,2
39.624,2
39.76,2
39.984,2
39.99,2
40.032,2
40.096,2
40.176,2
40.29,2
40.46,2
40.56,2
40.7,2
40.784,2
41.37,2
41.376,2
41.424,2
41.6,2
41.88,2
41.904,2
41.92,2
41.94,2
42.048,2
42.24,2
42.616,2
43.1,2
43.12,2
43.13,2
43.26,2
43.584,2
43.8,2
43.96,2
44.67,2
44.688,2
45.04,2
45.216,2
45.248,2
45.48,2
45.584,2
45.66,2
45.696,2
45.84,2
45.96,2
46.26,2
46.35,2
46.384,2
46.672,2
46.688,2
46.72,2
46.74,2
46.76,2
46.8,2
46.864,2
47.12,2
47.3,2
47.36,2
47.4,2
47.52,2
47.79,2
47.9,2
47.96,2
47.98,2
48.784,2
48.86,2
48.896,2
49.08,2
49.536,2
49.616,2
49.848,2
50.94,2
50.96,2
50.97,2
51.016,2
51.168,2
51.184,2
51.52,2
51.55,2
51.56,2
52.272,2
52.512,2
52.76,2
52.792,2
53.04,2
53.25,2
53.424,2
53.72,2
54.224,2
54.32,2
54.384,2
54.92,2
54.96,2
55.36,2
55.6,2
55.98,2
55.992,2
56.064,2
56.45,2
56.686,2
56.7,2
57.576,2
57.584,2
57.69,2
57.96,2
58.05,2
58.112,2
58.24,2
58.34,2
58.416,2
59.2,2
59.7,2
59.808,2
59.904,2
59.92,2
59.994,2
60.312,2
60.416,2
60.45,2
60.672,2
60.72,2
61.06,2
61.12,2
61.4,2
61.568,2
61.68,2
61.792,2
62.016,2
62.04,2
62.18,2
62.24,2
62.65,2
62.82,2
62.958,2
63.2,2
63.552,2
63.686,2
63.824,2
63.84,2
63.88,2
63.9,2
63.92,2
63.936,2
63.968,2
64.2,2
64.384,2
64.704,2
64.864,2
65.568,2
65.94,2
65.99,2
66.3,2
66.36,2
67.15,2
67.176,2
67.4,2
67.56,2
67.84,2
67.9,2
67.96,2
68.04,2
68.112,2
68.6,2
68.704,2
69.5,2
69.98,2
70.008,2
70.08,2
70.12,2
70.26,2
70.88,2
71.12,2
71.28,2
71.6,2
71.88,2
71.928,2
71.97,2
72.64,2
72.704,2
72.744,2
73.2,2
73.584,2
73.98,2
74,2
74.76,2
75.792,2
76.14,2
76.64,2
76.752,2
76.864,2
77.52,2
77.56,2
78.256,2
78.35,2
78.6,2
79.12,2
79.44,2
79.47,2
79.512,2
79.872,2
79.974,2
79.984,2
80.88,2
81.424,2
81.54,2
81.568,2
81.92,2
82.26,2
82.64,2
82.95,2
83.7,2
83.84,2
83.88,2
83.9,2
83.97,2
83.976,2
83.984,2
85.52,2
85.98,2
86.304,2
86.376,2
86.97,2
87.8,2
87.96,2
88.04,2
88.8,2
89.584,2
89.95,2
89.98,2
90,2
90.57,2
90.86,2
90.882,2
91.92,2
93.024,2
94.2,2
95.1,2
97.184,2
97.568,2
97.84,2
97.88,2
98.376,2
99.39,2
99.6,2
99.9,2
100.24,2
100.792,2
101.34,2
102.3,2
102.336,2
102.36,2
102.93,2
103.6,2
103.92,2
104.28,2
104.58,2
104.79,2
104.9,2
106.96,2
107.424,2
107.44,2
107.648,2
107.772,2
107.88,2
107.94,2
107.97,2
107.982,2
108.4,2
108.576,2
108.784,2
108.96,2
109.48,2
109.9,2
110.352,2
110.376,2
111.15,2
111.672,2
111.79,2
111.984,2
113.372,2
113.52,2
113.73,2
113.92,2
114.9,2
115.36,2
115.96,2
117.488,2
118.16,2
118.25,2
118.782,2
119.616,2
119.833,2
119.98,2
120.666,2
120.784,2
121.6,2
121.792,2
121.96,2
122.328,2
122.382,2
123.96,2
124.2,2
124.792,2
125.99,2
126.3,2
127.88,2
127.96,2
128.058,2
128.4,2
128.744,2
129.552,2
129.93,2
129.98,2
131.88,2
131.904,2
131.98,2
135.3,2
135.99,2
137.24,2
137.62,2
137.94,2
139.86,2
139.92,2
140.75,2
141.372,2
141.4,2
141.76,2
142.776,2
143.856,2
143.952,2
143.96,2
143.976,2
145.9,2
145.98,2
146.688,2
147.92,2
149.352,2
151.2,2
151.96,2
152.94,2
153.552,2
154.44,2
155.82,2
155.88,2
156.512,2
156.792,2
158.13,2
158.9,2
158.928,2
159.56,2
159.8,2
159.96,2
159.968,2
160.32,2
163.88,2
166.24,2
166.5,2
166.72,2
167.96,2
167.968,2
167.97,2
168.1,2
169.45,2
171.288,2
171.96,2
172.764,2
177,2
177.2,2
177.225,2
177.536,2
177.568,2
180.98,2
181.86,2
181.986,2
182.994,2
183.372,2
185.58,2
185.88,2
186.048,2
186.69,2
187.76,2
189.7,2
191.6,2
191.88,2
191.96,2
191.98,2
193.95,2
194.32,2
194.848,2
195.96,2
196.62,2
196.784,2
198.46,2
198.744,2
199.75,2
200.984,2
203.92,2
204.6,2
204.85,2
205.666,2
206.1,2
207.846,2
207.984,2
208.16,2
209.6,2
209.88,2
209.94,2
210.68,2
212.64,2
214.95,2
219.184,2
221.16,2
221.92,2
223.056,2
223.92,2
223.96,2
226.56,2
227.976,2
228.92,2
229.544,2
230.352,2
231.72,2
231.92,2
232.4,2
232.88,2
237.096,2
238.62,2
239.666,2
240.784,2
241.44,2
243.92,2
243.992,2
244.006,2
244.768,2
245.88,2
246.168,2
247.8,2
251.64,2
251.91,2
252,2
254.058,2
254.9,2
254.97,2
258.576,2
258.696,2
259.896,2
261.74,2
261.96,2
262.24,2
263.88,2
264.32,2
265.86,2
269.49,2
269.97,2
269.98,2
271.44,2
272.736,2
273.568,2
274.8,2
276.69,2
277.4,2
279.86,2
279.944,2
280.782,2
281.372,2
281.97,2
284.364,2
286.93,2
287.88,2
287.91,2
287.968,2
290.666,2
291.96,2
292.1,2
296.37,2
299.9,2
299.98,2
300.904,2
301.47,2
302.384,2
302.67,2
304.9,2
305.01,2
307.136,2
307.666,2
310.12,2
310.88,2
311.976,2
313.176,2
316,2
318.43,2
319.984,2
322.59,2
323.136,2
323.37,2
324.9,2
327.76,2
328.59,2
330.4,2
330.588,2
331.536,2
338.04,2
340.92,2
344.22,2
344.372,2
344.704,2
345,2
347.802,2
352.38,2
353.568,2
357.93,2
359.058,2
359.32,2
359.499,2
359.976,2
359.98,2
360,2
361.376,2
361.96,2
362.352,2
362.92,2
362.94,2
363.92,2
366.744,2
369.544,2
373.08,2
375.34,2
383.607,2
383.952,2
383.96,2
383.976,2
388.704,2
392.94,2
393.165,2
396.92,2
399.54,2
399.672,2
399.95,2
399.96,2
406.6,2
408.006,2
408.422,2
411.332,2
411.8,2
419.136,2
419.944,2
431.928,2
435.168,2
435.504,2
435.999,2
436.704,2
438.336,2
438.368,2
439.992,2
445.96,2
447.944,2
449.15,2
449.568,2
451.152,2
453.576,2
455.97,2
458.43,2
465.16,2
465.18,2
468.9,2
471.92,2
475.944,2
478.48,2
479.952,2
479.976,2
479.988,2
483.136,2
485.88,2
491.55,2
494.376,2
494.97,2
504.9,2
520.464,2
521.96,2
523.764,2
523.92,2
526.45,2
532.704,2
537.544,2
539.964,2
539.97,2
540.048,2
540.57,2
541.24,2
543.92,2
544.008,2
544.38,2
547.136,2
549.99,2
552.56,2
556.665,2
558.4,2
563.4,2
563.808,2
563.94,2
568.728,2
572.16,2
572.58,2
575.92,2
579.136,2
579.51,2
585.552,2
589.41,2
590.352,2
595,2
595.38,2
599.97,2
601.536,2
604.752,2
609.98,2
617.97,2
617.976,2
623.96,2
626.352,2
627.168,2
631.782,2
631.96,2
637.896,2
638.82,2
647.84,2
653.55,2
659.976,2
662.88,2
665.88,2
671.93,2
673.568,2
674.352,2
677.58,2
681.408,2
695.7,2
697.16,2
699.98,2
701.96,2
704.25,2
704.76,2
706.86,2
714.3,2
715.64,2
717.72,2
720.064,2
720.76,2
722.352,2
723.92,2
725.84,2
756.8,2
772.47,2
797.944,2
801.96,2
821.88,2
823.96,2
837.6,2
841.568,2
843.9,2
844.116,2
853.93,2
863.128,2
866.4,2
872.32,2
872.94,2
879.984,2
881.93,2
883.84,2
887.271,2
892.224,2
896.99,2
899.136,2
899.43,2
899.91,2
900.08,2
901.95,2
902.712,2
913.43,2
915.136,2
931.176,2
946.344,2
956.6648,2
975.92,2
999.98,2
1000.02,2
1001.584,2
1036.624,2
1044.63,2
1049.2,2
1056.86,2
1089.75,2
1091.168,2
1099.96,2
1126.02,2
1158.12,2
1212.96,2
1217.568,2
1247.64,2
1325.76,2
1363.96,2
1369.764,2
1399.93,2
1403.92,2
1421.664,2
1439.968,2
1487.04,2
1577.94,2
1603.136,2
1628.82,2
1640.7,2
1649.95,2
1652.94,2
1687.8,2
1799.97,2
1879.96,2
1919.976,2
1999.96,2
2003.92,2
2249.91,2
2399.96,2
2803.92,2
2999.95,2
3059.982,2
4164.05,2
4899.93,2
0.444,1
0.556,1
0.836,1
0.852,1
0.876,1
0.898,1
0.984,1
0.99,1
1.044,1
1.112,1
1.167,1
1.192,1
1.234,1
1.24,1
1.272,1
1.362,1
1.365,1
1.392,1
1.44,1
1.448,1
1.504,1
1.524,1
1.556,1
1.584,1
1.592,1
1.624,1
1.632,1
1.64,1
1.641,1
1.696,1
1.72,1
1.744,1
1.752,1
1.78,1
1.8,1
1.869,1
1.892,1
1.928,1
1.938,1
1.941,1
1.944,1
1.984,1
1.988,1
1.996,1
2.025,1
2.032,1
2.04,1
2.043,1
2.064,1
2.068,1
2.072,1
2.08,1
2.088,1
2.112,1
2.182,1
2.2,1
2.202,1
2.21,1
2.22,1
2.224,1
2.264,1
2.308,1
2.313,1
2.334,1
2.388,1
2.394,1
2.412,1
2.464,1
2.469,1
2.496,1
2.508,1
2.512,1
2.544,1
2.556,1
2.6,1
2.628,1
2.632,1
2.655,1
2.696,1
2.74,1
2.742,1
2.772,1
2.784,1
2.84,1
2.862,1
2.864,1
2.907,1
2.91,1
2.94,1
2.944,1
3.024,1
3.04,1
3.08,1
3.104,1
3.108,1
3.136,1
3.152,1
3.16,1
3.2,1
3.208,1
3.24,1
3.273,1
3.29,1
3.312,1
3.366,1
3.408,1
3.438,1
3.44,1
3.48,1
3.486,1
3.528,1
3.536,1
3.54,1
3.576,1
3.6,1
3.656,1
3.68,1
3.768,1
3.808,1
3.81,1
3.816,1
3.828,1
3.856,1
3.928,1
3.98,1
4.032,1
4.044,1
4.064,1
4.08,1
4.086,1
4.095,1
4.144,1
4.17,1
4.176,1
4.18,1
4.2,1
4.24,1
4.26,1
4.272,1
4.276,1
4.3,1
4.304,1
4.32,1
4.338,1
4.356,1
4.401,1
4.41,1
4.416,1
4.428,1
4.47,1
4.488,1
4.503,1
4.512,1
4.536,1
4.54,1
4.544,1
4.554,1
4.56,1
4.572,1
4.6,1
4.616,1
4.626,1
4.656,1
4.66,1
4.662,1
4.704,1
4.71,1
4.72,1
4.728,1
4.73,1
4.77,1
4.784,1
4.788,1
4.812,1
4.824,1
4.832,1
4.836,1
4.86,1
4.89,1
4.912,1
4.92,1
4.923,1
4.938,1
4.956,1
4.984,1
5,1
5.022,1
5.08,1
5.176,1
5.18,1
5.193,1
5.2,1
5.229,1
5.238,1
5.304,1
5.312,1
5.32,1
5.328,1
5.34,1
5.346,1
5.352,1
5.388,1
5.43,1
5.432,1
5.47,1
5.48,1
5.484,1
5.5,1
5.544,1
5.553,1
5.588,1
5.682,1
5.7,1
5.742,1
5.768,1
5.792,1
5.81,1
5.82,1
5.872,1
5.888,1
5.892,1
5.92,1
5.936,1
5.95,1
5.952,1
6.03,1
6.104,1
6.129,1
6.192,1
6.23,1
6.258,1
6.27,1
6.286,1
6.294,1
6.316,1
6.33,1
6.336,1
6.36,1
6.37,1
6.38,1
6.384,1
6.456,1
6.46,1
6.464,1
6.47,1
6.528,1
6.576,1
6.588,1
6.6,1
6.642,1
6.69,1
6.696,1
6.7,1
6.732,1
6.744,1
6.783,1
6.79,1
6.8,1
6.816,1
6.84,1
6.858,1
6.874,1
6.88,1
6.924,1
6.928,1
6.936,1
6.96,1
6.98,1
6.992,1
7.068,1
7.072,1
7.12,1
7.168,1
7.216,1
7.236,1
7.27,1
7.4,1
7.41,1
7.42,1
7.434,1
7.44,1
7.476,1
7.488,1
7.5,1
7.506,1
7.518,1
7.536,1
7.58,1
7.584,1
7.632,1
7.644,1
7.68,1
7.692,1
7.7,1
7.71,1
7.764,1
7.77,1
7.8,1
7.856,1
7.857,1
7.896,1
7.904,1
7.996,1
8.001,1
8.01,1
8.02,1
8.096,1
8.1,1
8.128,1
8.134,1
8.16,1
8.22,1
8.256,1
8.272,1
8.352,1
8.36,1
8.384,1
8.39,1
8.52,1
8.552,1
8.559,1
8.57,1
8.595,1
8.6,1
8.62,1
8.624,1
8.652,1
8.682,1
8.688,1
8.69,1
8.7,1
8.704,1
8.712,1
8.75,1
8.752,1
8.78,1
8.792,1
8.808,1
8.832,1
8.84,1
8.85,1
8.872,1
8.88,1
8.896,1
8.964,1
9,1
9.006,1
9.02,1
9.024,1
9.08,1
9.088,1
9.09,1
9.096,1
9.11,1
9.12,1
9.14,1
9.28,1
9.324,1
9.336,1
9.345,1
9.36,1
9.396,1
9.4,1
9.432,1
9.46,1
9.522,1
9.555,1
9.588,1
9.612,1
9.618,1
9.656,1
9.702,1
9.708,1
9.81,1
9.856,1
9.87,1
9.872,1
9.888,1
9.936,1
9.952,1
9.984,1
10.024,1
10.128,1
10.2,1
10.23,1
10.304,1
10.312,1
10.32,1
10.36,1
10.38,1
10.384,1
10.4,1
10.416,1
10.428,1
10.464,1
10.47,1
10.496,1
10.5,1
10.512,1
10.608,1
10.67,1
10.72,1
10.75,1
10.752,1
10.76,1
10.782,1
10.784,1
10.8,1
10.816,1
10.824,1
10.848,1
10.89,1
10.944,1
10.96,1
10.98,1
10.984,1
10.99,1
11.01,1
11.032,1
11.05,1
11.06,1
11.09,1
11.176,1
11.184,1
11.2,1
11.212,1
11.214,1
11.228,1
11.277,1
11.304,1
11.328,1
11.376,1
11.394,1
11.43,1
11.61,1
11.62,1
11.632,1
11.64,1
11.646,1
11.65,1
11.664,1
11.672,1
11.688,1
11.736,1
11.744,1
11.8,1
11.82,1
11.824,1
11.85,1
11.91,1
11.94,1
11.976,1
11.98,1
11.992,1
12,1
12.03,1
12.032,1
12.06,1
12.07,1
12.096,1
12.12,1
12.128,1
12.132,1
12.144,1
12.16,1
12.18,1
12.201,1
12.22,1
12.222,1
12.24,1
12.264,1
12.28,1
12.3,1
12.384,1
12.448,1
12.462,1
12.53,1
12.536,1
12.54,1
12.576,1
12.585,1
12.588,1
12.645,1
12.67,1
12.736,1
12.74,1
12.832,1
12.843,1
12.864,1
12.88,1
12.9,1
12.912,1
12.94,1
12.957,1
12.98,1
12.984,1
13,1
13.005,1
13.02,1
13.023,1
13.14,1
13.16,1
13.168,1
13.194,1
13.208,1
13.23,1
13.376,1
13.38,1
13.4,1
13.428,1
13.44,1
13.456,1
13.468,1
13.488,1
13.494,1
13.56,1
13.568,1
13.584,1
13.616,1
13.62,1
13.632,1
13.68,1
13.698,1
13.712,1
13.72,1
13.748,1
13.762,1
13.84,1
13.848,1
13.86,1
13.88,1
13.896,1
13.944,1
13.97,1
13.984,1
14,1
14.07,1
14.088,1
14.13,1
14.19,1
14.224,1
14.256,1
14.272,1
14.32,1
14.336,1
14.376,1
14.427,1
14.432,1
14.45,1
14.46,1
14.496,1
14.6,1
14.72,1
14.75,1
14.78,1
14.8,1
14.832,1
14.89,1
14.96,1
14.99,1
15.02,1
15.08,1
15.136,1
15.14,1
15.168,1
15.176,1
15.18,1
15.192,1
15.216,1
15.25,1
15.384,1
15.4,1
15.424,1
15.47,1
15.488,1
15.54,1
15.576,1
15.58,1
15.588,1
15.6,1
15.624,1
15.648,1
15.78,1
15.808,1
15.968,1
16.03,1
16.06,1
16.096,1
16.14,1
16.146,1
16.156,1
16.176,1
16.2,1
16.224,1
16.23,1
16.24,1
16.256,1
16.27,1
16.34,1
16.36,1
16.38,1
16.392,1
16.45,1
16.496,1
16.59,1
16.688,1
16.704,1
16.752,1
16.78,1
16.821,1
16.896,1
16.91,1
16.95,1
16.98,1
17,1
17.024,1
17.05,1
17.15,1
17.184,1
17.216,1
17.24,1
17.3,1
17.44,1
17.45,1
17.584,1
17.616,1
17.67,1
17.97,1
18.06,1
18.18,1
18.192,1
18.2,1
18.272,1
18.32,1
18.392,1
18.48,1
18.504,1
18.544,1
18.56,1
18.62,1
18.624,1
18.648,1
18.693,1
18.7,1
18.704,1
18.864,1
18.882,1
18.92,1
18.94,1
18.97,1
18.98,1
19,1
19.096,1
19.104,1
19.14,1
19.168,1
19.194,1
19.242,1
19.312,1
19.35,1
19.4,1
19.432,1
19.536,1
19.54,1
19.568,1
19.6,1
19.608,1
19.728,1
19.75,1
19.752,1
19.776,1
19.8,1
19.83,1
19.86,1
19.872,1
19.89,1
19.968,1
20,1
20.064,1
20.07,1
20.096,1
20.1,1
20.12,1
20.136,1
20.23,1
20.368,1
20.37,1
20.388,1
20.416,1
20.44,1
20.46,1
20.56,1
20.568,1
20.58,1
20.608,1
20.62,1
20.64,1
20.664,1
20.704,1
20.72,1
20.8,1
20.82,1
20.856,1
20.9,1
20.936,1
20.952,1
20.97,1
20.992,1
21,1
21.072,1
21.168,1
21.2,1
21.204,1
21.21,1
21.248,1
21.336,1
21.34,1
21.376,1
21.38,1
21.39,1
21.392,1
21.44,1
21.456,1
21.488,1
21.5,1
21.552,1
21.568,1
21.594,1
21.6,1
21.696,1
21.78,1
21.792,1
21.81,1
21.864,1
21.9,1
21.92,1
21.968,1
21.984,1
22.18,1
22.24,1
22.248,1
22.336,1
22.344,1
22.386,1
22.424,1
22.45,1
22.48,1
22.55,1
22.62,1
22.638,1
22.66,1
22.68,1
22.74,1
22.77,1
22.776,1
22.784,1
22.911,1
22.98,1
23,1
23.076,1
23.08,1
23.128,1
23.136,1
23.168,1
23.18,1
23.24,1
23.344,1
23.376,1
23.48,1
23.52,1
23.55,1
23.56,1
23.64,1
23.65,1
23.66,1
23.67,1
23.688,1
23.744,1
23.76,1
23.85,1
23.904,1
23.912,1
23.952,1
23.992,1
24.032,1
24.048,1
24.14,1
24.18,1
24.192,1
24.2,1
24.224,1
24.27,1
24.288,1
24.3,1
24.368,1
24.472,1
24.55,1
24.704,1
24.75,1
24.78,1
24.84,1
24.88,1
25.08,1
25.11,1
25.128,1
25.164,1
25.2,1
25.424,1
25.472,1
25.56,1
25.632,1
25.696,1
25.78,1
25.96,1
26.01,1
26.032,1
26.064,1
26.136,1
26.18,1
26.22,1
26.336,1
26.376,1
26.388,1
26.406,1
26.424,1
26.432,1
26.46,1
26.48,1
26.49,1
26.632,1
26.64,1
26.76,1
26.8,1
26.86,1
26.9,1
26.94,1
26.982,1
27.018,1
27.056,1
27.096,1
27.15,1
27.184,1
27.192,1
27.2,1
27.264,1
27.312,1
27.384,1
27.414,1
27.496,1
27.52,1
27.58,1
27.6,1
27.68,1
27.744,1
27.76,1
27.78,1
27.792,1
27.81,1
27.816,1
27.86,1
27.88,1
27.882,1
27.9,1
27.992,1
28,1
28.032,1
28.048,1
28.08,1
28.16,1
28.272,1
28.28,1
28.35,1
28.352,1
28.485,1
28.672,1
28.68,1
28.728,1
28.782,1
28.784,1
28.792,1
28.84,1
28.85,1
28.854,1
28.99,1
29.04,1
29.05,1
29.29,1
29.304,1
29.312,1
29.32,1
29.328,1
29.36,1
29.372,1
29.403,1
29.56,1
29.592,1
29.61,1
29.664,1
29.68,1
29.718,1
29.74,1
29.76,1
29.78,1
29.808,1
29.925,1
29.932,1
29.94,1
29.96,1
29.98,1
30.016,1
30.072,1
30.192,1
30.28,1
30.32,1
30.344,1
30.345,1
30.352,1
30.384,1
30.528,1
30.53,1
30.576,1
30.672,1
30.69,1
30.768,1
30.8,1
30.828,1
30.87,1
30.93,1
30.976,1
30.992,1
31.008,1
31.02,1
31.128,1
31.152,1
31.155,1
31.16,1
31.168,1
31.2,1
31.248,1
31.32,1
31.36,1
31.8,1
31.84,1
31.872,1
31.95,1
31.992,1
32.07,1
32.088,1
32.13,1
32.192,1
32.232,1
32.35,1
32.36,1
32.368,1
32.382,1
32.432,1
32.448,1
32.56,1
32.592,1
32.712,1
32.75,1
32.76,1
32.792,1
32.94,1
32.97,1
32.985,1
33,1
33.02,1
33.024,1
33.04,1
33.088,1
33.12,1
33.18,1
33.264,1
33.282,1
33.376,1
33.44,1
33.45,1
33.52,1
33.528,1
33.552,1
33.57,1
33.62,1
33.72,1
33.74,1
33.75,1
33.792,1
33.8,1
33.82,1
33.87,1
33.92,1
33.93,1
33.94,1
33.99,1
34.176,1
34.2,1
34.236,1
34.272,1
34.36,1
34.37,1
34.384,1
34.48,1
34.54,1
34.6,1
34.656,1
34.74,1
34.75,1
34.77,1
34.79,1
34.8,1
34.92,1
35.008,1
35.016,1
35.184,1
35.2,1
35.208,1
35.216,1
35.352,1
35.445,1
35.448,1
35.48,1
35.49,1
35.544,1
35.568,1
35.712,1
35.76,1
35.784,1
35.82,1
35.856,1
35.89,1
35.92,1
35.952,1
35.98,1
35.984,1
36.024,1
36.048,1
36.112,1
36.192,1
36.26,1
36.32,1
36.336,1
36.352,1
36.36,1
36.48,1
36.51,1
36.544,1
36.738,1
36.744,1
36.882,1
36.99,1
37,1
37.008,1
37.05,1
37.2,1
37.208,1
37.224,1
37.24,1
37.296,1
37.3,1
37.312,1
37.392,1
37.4,1
37.425,1
37.464,1
37.6,1
37.608,1
37.66,1
37.752,1
37.76,1
37.764,1
37.84,1
37.88,1
37.896,1
37.91,1
37.93,1
38.016,1
38.04,1
38.08,1
38.136,1
38.16,1
38.19,1
38.22,1
38.24,1
38.256,1
38.272,1
38.28,1
38.29,1
38.376,1
38.388,1
38.432,1
38.6,1
38.62,1
38.71,1
38.784,1
38.9,1
39.08,1
39.128,1
39.152,1
39.264,1
39.28,1
39.296,1
39.312,1
39.48,1
39.552,1
39.582,1
39.594,1
39.66,1
39.72,1
39.808,1
39.816,1
39.84,1
39.872,1
39.879,1
39.89,1
39.936,1
40,1
40.05,1
40.14,1
40.24,1
40.256,1
40.3,1
40.41,1
40.44,1
40.54,1
40.635,1
40.67,1
40.712,1
40.736,1
40.752,1
40.88,1
40.92,1
40.968,1
40.97,1
40.98,1
41.04,1
41.22,1
41.24,1
41.256,1
41.328,1
41.36,1
41.54,1
41.552,1
41.584,1
41.7,1
41.85,1
41.91,1
41.95,1
41.958,1
41.988,1
42.208,1
42.28,1
42.368,1
42.384,1
42.408,1
42.624,1
42.68,1
42.784,1
42.8,1
42.81,1
42.85,1
42.93,1
42.95,1
42.976,1
43,1
43.02,1
43.04,1
43.056,1
43.188,1
43.19,1
43.28,1
43.296,1
43.31,1
43.32,1
43.372,1
43.41,1
43.44,1
43.5,1
43.512,1
43.57,1
43.7,1
43.86,1
43.872,1
43.936,1
43.98,1
44.02,1
44.1,1
44.128,1
44.376,1
44.384,1
44.416,1
44.43,1
44.672,1
44.736,1
44.76,1
44.82,1
44.84,1
44.848,1
44.856,1
44.91,1
44.94,1
44.95,1
44.96,1
45.056,1
45.12,1
45.24,1
45.28,1
45.4,1
45.408,1
45.568,1
45.576,1
45.78,1
45.888,1
45.894,1
45.99,1
46,1
46.152,1
46.24,1
46.32,1
46.344,1
46.36,1
46.44,1
46.51,1
46.62,1
46.64,1
46.84,1
46.872,1
46.9,1
46.94,1
46.96,1
47.01,1
47.18,1
47.19,1
47.208,1
47.32,1
47.496,1
47.516,1
47.53,1
47.584,1
47.744,1
47.808,1
47.82,1
47.88,1
47.904,1
47.92,1
47.94,1
47.968,1
47.97,1
48.032,1
48.16,1
48.36,1
48.4,1
48.48,1
48.576,1
48.58,1
48.632,1
48.64,1
48.664,1
48.672,1
48.69,1
48.712,1
48.72,1
48.792,1
48.81,1
48.816,1
48.84,1
48.848,1
48.87,1
48.9,1
48.91,1
48.944,1
49.25,1
49.408,1
49.44,1
49.5,1
49.53,1
49.56,1
49.65,1
49.76,1
49.792,1
49.96,1
49.98,1
50.04,1
50.112,1
50.136,1
50.22,1
50.232,1
50.32,1
50.4,1
50.454,1
50.496,1
50.784,1
50.8,1
50.88,1
50.997,1
51.072,1
51.12,1
51.15,1
51.264,1
51.336,1
51.465,1
51.588,1
51.648,1
51.712,1
51.756,1
51.8,1
51.897,1
51.9,1
51.94,1
51.96,1
51.98,1
51.984,1
52,1
52.064,1
52.096,1
52.136,1
52.2,1
52.29,1
52.34,1
52.4,1
52.416,1
52.44,1
52.448,1
52.56,1
52.59,1
52.752,1
52.776,1
52.96,1
52.98,1
52.99,1
53.088,1
53.2,1
53.248,1
53.316,1
53.34,1
53.352,1
53.4,1
53.568,1
53.7,1
53.82,1
53.88,1
53.9,1
53.92,1
53.94,1
53.952,1
53.97,1
53.982,1
53.984,1
54.192,1
54.208,1
54.336,1
54.368,1
54.48,1
54.5,1
54.528,1
54.66,1
54.712,1
54.768,1
54.792,1
54.896,1
54.992,1
55.008,1
55.104,1
55.168,1
55.188,1
55.2,1
55.264,1
55.328,1
55.424,1
55.44,1
55.47,1
55.5,1
55.584,1
55.616,1
55.76,1
55.86,1
55.936,1
55.944,1
55.968,1
56.07,1
56.16,1
56.28,1
56.328,1
56.4,1
56.568,1
56.65,1
56.784,1
56.82,1
56.91,1
56.96,1
56.98,1
57.06,1
57.23,1
57.36,1
57.4,1
57.408,1
57.42,1
57.504,1
57.568,1
57.582,1
57.594,1
57.68,1
57.9,1
57.93,1
58.08,1
58.17,1
58.2,1
58.248,1
58.36,1
58.368,1
58.38,1
58.408,1
58.464,1
58.58,1
58.68,1
58.72,1
58.73,1
58.924,1
59.1,1
59.184,1
59.24,1
59.48,1
59.712,1
59.752,1
59.76,1
59.9,1
59.913,1
59.96,1
59.976,1
59.99,1
60.048,1
60.144,1
60.288,1
60.34,1
60.35,1
60.6,1
60.64,1
60.69,1
60.736,1
60.74,1
60.768,1
60.81,1
60.83,1
60.864,1
60.89,1
60.984,1
61,1
61.02,1
61.04,1
61.1,1
61.192,1
61.38,1
61.542,1
61.544,1
61.584,1
61.776,1
61.929,1
62.048,1
62.1,1
62.192,1
62.28,1
62.296,1
62.352,1
62.376,1
62.4,1
62.496,1
62.592,1
62.72,1
62.79,1
62.8,1
62.808,1
62.85,1
62.88,1
62.91,1
62.92,1
62.96,1
62.982,1
63.47,1
63.488,1
63.56,1
63.68,1
63.77,1
63.882,1
63.924,1
63.94,1
63.98,1
63.984,1
63.992,1
64.02,1
64.12,1
64.17,1
64.4,1
64.624,1
64.68,1
64.74,1
64.75,1
64.848,1
64.9,1
64.944,1
65.08,1
65.12,1
65.17,1
65.232,1
65.34,1
65.424,1
65.44,1
65.5,1
65.52,1
65.78,1
65.79,1
65.88,1
65.97,1
66.03,1
66.048,1
66.26,1
66.284,1
66.294,1
66.54,1
66.58,1
66.645,1
66.688,1
66.69,1
66.976,1
67,1
67.04,1
67.144,1
67.194,1
67.344,1
67.36,1
67.536,1
67.64,1
67.71,1
67.78,1
67.86,1
67.88,1
67.92,1
67.98,1
67.992,1
67.9932,1
68.16,1
68.238,1
68.432,1
68.448,1
68.472,1
68.48,1
68.541,1
68.62,1
68.64,1
68.72,1
68.742,1
68.81,1
68.94,1
68.95,1
68.97,1
69.008,1
69.08,1
69.12,1
69.216,1
69.264,1
69.28,1
69.3,1
69.375,1
69.48,1
69.576,1
69.712,1
69.888,1
69.9,1
69.99,1
70.448,1
70.464,1
70.68,1
70.686,1
70.71,1
70.72,1
70.97,1
71,1
71.04,1
71.246,1
71.372,1
71.376,1
71.632,1
71.76,1
71.92,1
71.952,1
71.984,1
71.992,1
72.224,1
72.294,1
72.42,1
72.45,1
72.48,1
72.6,1
72.78,1
72.8,1
72.9,1
72.96,1
73.008,1
73.164,1
73.176,1
73.28,1
73.32,1
73.344,1
73.36,1
73.536,1
73.568,1
73.68,1
73.784,1
73.85,1
73.915,1
74.112,1
74.24,1
74.416,1
74.45,1
74.52,1
74.592,1
74.94,1
74.95,1
75,1
75.04,1
75.06,1
75.33,1
75.36,1
75.384,1
75.48,1
75.6,1
75.84,1
75.96,1
75.98,1
76.176,1
76.3,1
76.58,1
76.608,1
76.728,1
76.792,1
76.92,1
77.031,1
77.24,1
77.58,1
77.72,1
77.728,1
77.92,1
78.15,1
78.272,1
78.66,1
78.759,1
78.8,1
78.8528,1
79.056,1
79.1,1
79.384,1
79.4,1
79.45,1
79.76,1
79.78,1
79.9,1
79.95,1
79.968,1
79.98,1
79.992,1
80.28,1
80.3,1
80.48,1
80.58,1
80.991,1
81.08,1
81.088,1
81.2,1
81.36,1
81.4,1
81.438,1
81.552,1
81.576,1
81.792,1
81.94,1
82.344,1
82.38,1
82.4,1
82.524,1
82.56,1
82.656,1
82.782,1
82.896,1
83.136,1
83.168,1
83.25,1
83.36,1
83.42,1
83.56,1
83.72,1
83.76,1
83.79,1
83.952,1
83.988,1
84.056,1
84.09,1
84.272,1
84.416,1
84.55,1
84.84,1
84.95,1
84.96,1
84.98,1
84.99,1
85.14,1
85.2,1
85.224,1
85.232,1
85.3,1
85.44,1
85.9,1
86.058,1
86.2,1
86.26,1
86.272,1
86.45,1
86.62,1
87.08,1
87.21,1
87.28,1
87.36,1
87.4,1
87.444,1
87.54,1
87.6,1
87.84,1
88.02,1
88.074,1
88.08,1
88.4,1
88.832,1
88.92,1
88.96,1
89.0664,1
89.34,1
89.52,1
89.544,1
89.696,1
89.712,1
89.768,1
89.82,1
89.856,1
89.9,1
89.988,1
89.99,1
89.991,1
90.06,1
90.24,1
90.64,1
90.8,1
90.801,1
90.93,1
90.99,1
91.008,1
91.032,1
91.056,1
91.176,1
91.2,1
91.275,1
91.392,1
91.475,1
91.59,1
91.6,1
91.84,1
91.99,1
92.064,1
92.88,1
92.96,1
93.02,1
93.032,1
93.06,1
93.15,1
93.248,1
93.344,1
93.36,1
93.456,1
93.68,1
93.78,1
93.888,1
93.98,1
94.192,1
94.428,1
94.6,1
94.68,1
94.74,1
94.92,1
94.99,1
94.992,1
95.144,1
95.2,1
95.232,1
95.616,1
95.648,1
95.68,1
95.736,1
95.76,1
95.88,1
95.92,1
95.952,1
95.97,1
95.992,1
95.994,1
96.256,1
96.36,1
96.53,1
96.784,1
96.96,1
97.04,1
97.16,1
97.264,1
97.3,1
97.424,1
97.44,1
97.696,1
97.968,1
97.98,1
97.984,1
98.112,1
98.21,1
98.328,1
98.392,1
98.46,1
99.28,1
99.3,1
99.488,1
99.54,1
99.568,1
99.588,1
99.592,1
99.68,1
99.696,1
99.846,1
99.918,1
99.92,1
99.95,1
100.49,1
100.94,1
101.12,1
101.4,1
101.52,1
101.7,1
101.84,1
101.88,1
101.96,1
101.988,1
101.994,1
102.018,1
102.13,1
102.24,1
102.368,1
102.438,1
102.582,1
102.592,1
102.624,1
102.72,1
102.833,1
102.96,1
103.056,1
103.12,1
103.192,1
103.481,1
103.5,1
103.936,1
103.968,1
104.01,1
104.184,1
104.23,1
104.68,1
104.696,1
104.75,1
104.784,1
104.8,1
104.88,1
104.93,1
104.97,1
104.98,1
105.42,1
105.552,1
105.686,1
105.96,1
106.05,1
106.08,1
106.232,1
106.344,1
106.5,1
106.68,1
106.75,1
106.8,1
106.869,1
107.118,1
107.53,1
107.976,1
107.984,1
108.08,1
108.336,1
108.608,1
108.72,1
108.768,1
108.92,1
108.925,1
109.53,1
109.592,1
109.69,1
109.764,1
109.8,1
109.95,1
110.096,1
110.11,1
110.4,1
110.528,1
110.97,1
110.98,1
111,1
111.04,1
111.104,1
111.888,1
111.9,1
111.93,1
111.98,1
112.12,1
112.648,1
112.776,1
112.8,1
113.1,1
113.22,1
113.328,1
113.552,1
113.6,1
113.76,1
113.79,1
113.82,1
113.97,1
114.288,1
114.46,1
114.52,1
114.6,1
114.848,1
115.02,1
115.136,1
115.44,1
115.84,1
116,1
116.312,1
116.4,1
116.76,1
116.784,1
116.82,1
116.832,1
116.98,1
117.144,1
117.36,1
117.456,1
117.576,1
117.882,1
117.96,1
118,1
118.65,1
118.99,1
119.02,1
119.1,1
119.448,1
119.56,1
119.7,1
119.85,1
119.9,1
119.904,1
120.15,1
120.33,1
120.576,1
120.712,1
120.768,1
120.96,1
120.98,1
121.3,1
121.376,1
121.536,1
121.68,1
121.78,1
121.94,1
122.136,1
122.48,1
122.688,1
122.71,1
122.91,1
122.92,1
123.088,1
123.136,1
123.144,1
123.256,1
123.552,1
123.858,1
124.032,1
124.11,1
124.25,1
124.404,1
124.41,1
124.46,1
124.608,1
124.75,1
124.95,1
125.13,1
125.36,1
125.7,1
125.76,1
125.88,1
125.93,1
125.944,1
125.976,1
126.08,1
126.56,1
126.624,1
127.104,1
127.302,1
127.372,1
127.386,1
127.554,1
127.785,1
127.869,1
127.904,1
127.92,1
127.936,1
128.124,1
128.34,1
128.82,1
128.9,1
129.39,1
129.45,1
129.888,1
130.112,1
130.464,1
130.71,1
130.98,1
131.104,1
131.136,1
131.376,1
131.6,1
131.94,1
132.16,1
132.224,1
132.6,1
132.696,1
132.79,1
133.12,1
133.2,1
133.38,1
133.472,1
133.98,1
134.01,1
134.272,1
134.288,1
134.376,1
134.48,1
134.8,1
134.85,1
134.97,1
134.99,1
135.09,1
135.516,1
135.72,1
135.8,1
135.882,1
135.9,1
135.95,1
135.98,1
135.984,1
136.26,1
136.464,1
136.53,1
136.784,1
136.92,1
136.96,1
136.99,1
137.25,1
137.352,1
137.54,1
138,1
138.56,1
138.588,1
139.04,1
139.424,1
139.44,1
139.58,1
139.8,1
139.93,1
139.944,1
139.95,1
140.376,1
140.67,1
140.81,1
140.97,1
141.42,1
141.552,1
141.9,1
142.04,1
142.182,1
142.36,1
142.4,1
142.488,1
142.8,1
142.86,1
143.128,1
143.432,1
143.64,1
143.728,1
143.73,1
143.928,1
143.982,1
144.6,1
144.784,1
144.95,1
144.96,1
145.544,1
145.568,1
145.74,1
145.85,1
146.04,1
146.136,1
146.176,1
146.45,1
146.544,1
146.76,1
146.86,1
146.952,1
147.168,1
147.568,1
148.02,1
148.257,1
148.288,1
148.32,1
148.704,1
149.232,1
149.544,1
149.73,1
149.9,1
150.384,1
150.408,1
150.66,1
150.8,1
150.98,1
151.056,1
151.188,1
151.192,1
151.62,1
151.72,1
151.92,1
152,1
152.24,1
152.65,1
152.688,1
152.76,1
152.8,1
152.91,1
152.991,1
153.36,1
153.568,1
153.728,1
153.78,1
153.824,1
154.24,1
154.95,1
155.04,1
155.12,1
155.25,1
155.34,1
155.35,1
155.37,1
155.456,1
155.94,1
155.976,1
156.3728,1
157.74,1
157.794,1
157.9,1
157.92,1
158.28,1
158.368,1
158.99,1
159.04,1
159.75,1
159.768,1
159.84,1
159.88,1
159.92,1
159.99,1
160,1
160.72,1
160.776,1
160.93,1
160.96,1
160.98,1
161.28,1
161.376,1
161.61,1
161.82,1
161.96,1
162.6,1
162.64,1
162.89,1
163.136,1
163.44,1
163.764,1
164.22,1
164.388,1
164.646,1
164.688,1
164.736,1
164.792,1
164.85,1
164.99,1
165.048,1
165.28,1
165.98,1
166.16,1
166.45,1
166.84,1
166.92,1
167.28,1
167.292,1
167.44,1
167.535,1
167.76,1
167.84,1
167.86,1
167.888,1
167.944,1
167.952,1
167.976,1
168.464,1
168.624,1
169.064,1
169.568,1
169.68,1
169.99,1
170.058,1
170.072,1
170.136,1
170.24,1
170.786,1
170.88,1
170.97,1
170.98,1
171.04,1
171.2,1
171.55,1
172.11,1
172.186,1
172.5,1
172.704,1
172.736,1
172.752,1
173.208,1
173.24,1
173.656,1
173.8,1
174.0585,1
174.286,1
174.3,1
174.42,1
175.23,1
175.44,1
175.872,1
175.92,1
176.04,1
176.772,1
176.784,1
176.8,1
177.45,1
177.55,1
177.648,1
177.68,1
177.98,1
178.11,1
178.384,1
178.92,1
179.7,1
179.82,1
179.886,1
179.9,1
179.95,1
179.991,1
180.016,1
180.588,1
180.66,1
181.35,1
181.47,1
181.764,1
181.797,1
181.95,1
181.96,1
182.112,1
182.22,1
182.352,1
182.55,1
182.67,1
182.91,1
183.84,1
183.92,1
183.96,1
183.968,1
184.704,1
185.528,1
185.92,1
186.144,1
186.15,1
186.304,1
186.732,1
186.912,1
187.056,1
187.98,1
188.552,1
189,1
189.576,1
189.588,1
189.882,1
189.95,1
190.72,1
190.848,1
190.86,1
190.896,1
190.92,1
191.058,1
191.079,1
191.472,1
191.5155,1
191.646,1
191.984,1
192.186,1
192.22,1
192.72,1
192.8,1
193.0656,1
193.8,1
193.86,1
194.25,1
194.528,1
194.7,1
194.94,1
195.104,1
195.184,1
195.466,1
195.68,1
195.76,1
196.21,1
196.45,1
196.704,1
196.752,1
197.05,1
197.372,1
197.58,1
197.72,1
199.304,1
199.74,1
199.764,1
199.8,1
199.836,1
199.99,1
200.064,1
200.795,1
200.97,1
201.04,1
201.432,1
201.568,1
201.96,1
203.184,1
203.52,1
203.88,1
203.976,1
203.983,1
204.6664,1
204.9,1
205.03,1
205.164,1
205.176,1
205.3328,1
205.92,1
205.992,1
205.9992,1
206.112,1
206.352,1
206.384,1
206.43,1
206.962,1
206.991,1
207.144,1
207.184,1
207.24,1
207.35,1
207.48,1
207.76,1
208.44,1
208.56,1
209.148,1
209.3,1
209.5,1
209.568,1
209.67,1
209.792,1
209.93,1
209.979,1
209.986,1
210.008,1
210.392,1
210.564,1
210.58,1
210.84,1
210.98,1
211.04,1
211.246,1
211.248,1
211.372,1
211.84,1
212.058,1
212.13,1
212.8,1
212.88,1
213.08,1
213.115,1
213.136,1
213.216,1
213.43,1
213.48,1
213.92,1
214.11,1
214.7,1
214.9,1
215.148,1
215.544,1
215.592,1
215.65,1
215.968,1
216.4,1
217.056,1
217.44,1
217.764,1
217.85,1
218.376,1
218.75,1
219.075,1
219.168,1
219.8,1
219.9,1
220.064,1
220.2656,1
220.704,1
220.752,1
220.776,1
220.96,1
220.98,1
221.056,1
221.06,1
221.382,1
221.55,1
221.96,1
221.98,1
222.32,1
222.352,1
222.666,1
223.58,1
223.888,1
224.75,1
224.937,1
225.568,1
225.576,1
226.2,1
227.136,1
227.28,1
227.36,1
227.46,1
227.84,1
227.88,1
227.96,1
229.94,1
231.98,1
232.55,1
232.96,1
233.058,1
233.86,1
234.36,1
234.45,1
234.95,1
235.152,1
235.188,1
235.92,1
235.944,1
235.95,1
236,1
236.5,1
236.528,1
236.88,1
238.152,1
238.56,1
238.896,1
239.12,1
239.24,1
239.358,1
239.372,1
239.456,1
239.5,1
239.7,1
239.8,1
239.84,1
239.9,1
239.92,1
239.94,1
239.952,1
239.98,1
240.37,1
240.744,1
241.17,1
241.176,1
241.332,1
241.424,1
241.5,1
241.92,1
242.136,1
242.176,1
242.48,1
242.624,1
242.9,1
243.16,1
243.384,1
243.88,1
244.615,1
245.646,1
245.94,1
245.98,1
246.1328,1
246.384,1
247.104,1
247.188,1
247.44,1
247.716,1
247.84,1
248.08,1
248.43,1
248.57,1
248.85,1
248.98,1
249.75,1
250.26,1
250.272,1
251.006,1
251.52,1
251.58,1
251.79,1
251.944,1
251.964,1
252.784,1
252.8,1
253.176,1
253.372,1
253.764,1
254.24,1
254.526,1
254.604,1
254.744,1
254.9745,1
255.108,1
255.42,1
255.68,1
255.76,1
255.85,1
255.936,1
255.984,1
256.784,1
257.499,1
257.568,1
257.64,1
257.94,1
258.072,1
258.279,1
258.48,1
258.528,1
258.75,1
258.9,1
259.7,1
259.74,1
259.92,1
259.96,1
259.98,1
262.11,1
262.336,1
262.864,1
264.18,1
265.17,1
265.475,1
265.93,1
267.96,1
268.24,1
268.576,1
268.704,1
268.935,1
269.36,1
269.9,1
269.91,1
269.982,1
270,1
270.34,1
270.62,1
270.72,1
271.9,1
271.968,1
271.984,1
271.992,1
272.048,1
272.4,1
272.61,1
272.646,1
272.848,1
272.97,1
273.06,1
273.552,1
273.666,1
273.896,1
273.92,1
274.064,1
274.2,1
274.491,1
274.77,1
274.89,1
275.058,1
275.24,1
275.49,1
275.88,1
275.928,1
275.94,1
275.952,1
275.97,1
276.28,1
277.5,1
278.4,1
278.82,1
279.456,1
279.95,1
280.792,1
281.34,1
281.424,1
281.904,1
282.84,1
282.888,1
283.14,1
283.56,1
284.08,1
284.82,1
284.97,1
285.48,1
285.552,1
285.576,1
286.15,1
286.256,1
286.29,1
286.344,1
286.38,1
286.4,1
286.79,1
286.85,1
286.86,1
287.52,1
287.92,1
287.94,1
287.976,1
288,1
288.24,1
289.2,1
289.24,1
289.568,1
289.8,1
290.336,1
290.352,1
290.898,1
290.98,1
291.1,1
291.136,1
291.168,1
292.272,1
293.199,1
293.52,1
294.368,1
294.62,1
294.93,1
295.056,1
295.4,1
295.456,1
296.712,1
296.85,1
297.55,1
297.576,1
298.116,1
298.464,1
298.776,1
299.52,1
299.94,1
299.96,1
299.975,1
299.99,1
300.416,1
300.5328,1
300.768,1
300.93,1
300.98,1
302.45,1
302.72,1
303.25,1
303.84,1
303.92,1
304.23,1
304.45,1
304.776,1
304.99,1
305.312,1
305.9745,1
306.2,1
306.9,1
307.168,1
307.314,1
307.776,1
307.92,1
308.499,1
309.456,1
309.576,1
310.392,1
310.443,1
310.688,1
310.744,1
311.15,1
311.98,1
312.03,1
312.552,1
313.024,1
313.488,1
313.722,1
314.088,1
314.532,1
314.6,1
315.2,1
315.776,1
315.98,1
318.08,1
318.4,1
318.96,1
319.41,1
319.76,1
319.9,1
319.92,1
319.96,1
320.64,1
320.88,1
321.552,1
321.92,1
322.192,1
323.982,1
324.744,1
325.632,1
325.86,1
326.646,1
327.564,1
327.7328,1
327.84,1
327.996,1
328.224,1
328.3992,1
328.776,1
329.584,1
329.988,1
331.023,1
331.96,1
332.028,1
332.704,1
332.832,1
333,1
333.056,1
333.09,1
333.999,1
334.768,1
334.88,1
335.72,1
335.744,1
335.944,1
336.51,1
337.088,1
337.176,1
337.98,1
338.352,1
339.136,1
339.92,1
340.116,1
340.144,1
340.182,1
340.704,1
341.488,1
341.991,1
342.37,1
342.864,1
343.2,1
343.85,1
343.92,1
344.94,1
344.981,1
347.361,1
347.58,1
347.97,1
348.208,1
348.488,1
348.56,1
348.84,1
348.928,1
349.95,1
349.965,1
350.352,1
350.973,1
350.98,1
351.216,1
352.45,1
353.88,1
355.32,1
355.36,1
355.455,1
355.96,1
356.79,1
356.85,1
356.94,1
357,1
358.2,1
358.58,1
359.772,1
359.88,1
360.712,1
361.764,1
361.92,1
362.136,1
362.25,1
363.648,1
364.08,1
364.41,1
364.704,1
364.74,1
364.776,1
364.8,1
364.95,1
366.009,1
366.786,1
367.96,1
369.16,1
369.1992,1
369.576,1
369.912,1
370.14,1
370.62,1
370.782,1
371.168,1
371.2,1
371.976,1
372.144,1
373.47,1
374.376,1
375.4575,1
376.509,1
376.74,1
376.866,1
377.45,1
377.928,1
378,1
379.372,1
379.4,1
379.96,1
380.058,1
380.864,1
381.36,1
381.44,1
381.576,1
381.72,1
382.116,1
382.806,1
383.438,1
383.4656,1
383.64,1
383.8,1
383.84,1
384.174,1
384.45,1
384.592,1
384.768,1
384.944,1
385.6,1
385.686,1
385.8,1
386.34,1
386.68,1
386.91,1
387.72,1
387.99,1
388.43,1
389.056,1
389.696,1
390.272,1
390.368,1
390.75,1
393.25,1
393.54,1
393.568,1
394.816,1
395,1
395.94,1
396,1
396.802,1
397.6,1
398.4,1
398.972,1
399.98,1
400.032,1
400.784,1
400.8,1
401.59,1
403.168,1
403.56,1
403.68,1
403.92,1
404.9,1
404.94,1
405.64,1
405.86,1
406.368,1
407.976,1
409.216,1
409.272,1
409.59,1
409.9992,1
410.352,1
411.98,1
414,1
414.96,1
415.176,1
415.872,1
415.968,1
416.32,1
418.296,1
418.32,1
418.8,1
419.68,1
419.9,1
421.1,1
421.372,1
422.058,1
422.625,1
422.856,1
423.28,1
423.648,1
424.116,1
424.272,1
424.9575,1
425.833,1
426.79,1
427.42,1
427.644,1
428.4,1
428.68,1
429.6,1
429.9,1
430.88,1
431.136,1
431.16,1
431.94,1
431.968,1
432.456,1
433.568,1
434.352,1
434.646,1
435.26,1
435.84,1
437.472,1
439.8,1
440.19,1
440.91,1
441.92,1
441.96,1
442.372,1
442.4,1
442.764,1
444.768,1
445.44,1
445.802,1
446.068,1
447.696,1
447.93,1
447.968,1
449.1,1
449.372,1
449.91,1
449.97,1
450,1
450.04,1
451.136,1
452.45,1
452.55,1
452.94,1
453.6,1
454.272,1
454.56,1
454.86,1
454.9,1
454.965,1
455.1,1
455.712,1
456.588,1
457.485,1
457.568,1
459.88,1
459.92,1
459.95,1
461.97,1
462.564,1
463.248,1
464,1
464.292,1
464.85,1
464.97,1
466.158,1
466.32,1
466.768,1
467.04,1
467.46,1
467.97,1
469.95,1
469.99,1
470.155,1
470.302,1
470.36,1
471.9,1
472.518,1
474.43,1
474.95,1
476.8,1
477.15,1
477.24,1
477.3,1
477.51,1
477.6,1
477.666,1
478.08,1
478.24,1
479.04,1
479.72,1
479.9,1
479.92,1
479.94,1
479.95,1
479.96,1
480,1
480.74,1
480.96,1
481.176,1
481.568,1
482.34,1
482.664,1
482.94,1
484.65,1
484.704,1
484.83,1
485.94,1
486.368,1
487.92,1
487.96,1
488.646,1
489.23,1
489.92,1
490.32,1
492.768,1
492.835,1
493.43,1
493.92,1
494.982,1
496.86,1
497.61,1
497.94,1
498,1
498.26,1
499.168,1
499.584,1
499.95,1
499.98,1
499.99,1
500.24,1
502.488,1
505.176,1
505.32,1
506.28,1
508.704,1
508.768,1
509.488,1
509.9575,1
509.97,1
510.24,1
511.056,1
511.5,1
511.84,1
512.19,1
512.358,1
512.499,1
512.94,1
512.96,1
513.024,1
514.165,1
515.88,1
516.488,1
516.96,1
517.405,1
517.5,1
517.9,1
518.272,1
519.68,1
519.792,1
519.96,1
520.05,1
523.25,1
523.26,1
523.392,1
523.48,1
526.344,1
526.582,1
527.92,1
529.9,1
530.34,1
532.3992,1
532.72,1
533.94,1
538.194,1
538.92,1
539.658,1
539.91,1
539.92,1
541.44,1
542.646,1
545.85,1
545.88,1
545.916,1
545.94,1
546.06,1
546.66,1
547.3,1
549.98,1
550.431,1
551.985,1
552,1
555.21,1
555.96,1
557.585,1
557.728,1
559.62,1
559.71,1
559.92,1
559.93,1
559.984,1
559.992,1
561.568,1
561.584,1
562.2925,1
563.024,1
563.24,1
563.43,1
563.92,1
564.195,1
566.97,1
567.12,1
569.058,1
569.536,1
569.568,1
569.64,1
569.99,1
571.44,1
572.76,1
572.8,1
573.174,1
573.728,1
574.91,1
575.928,1
575.968,1
577.584,1
577.764,1
579.3,1
579.528,1
579.95,1
580.672,1
581.96,1
582.336,1
583.8,1
584.82,1
586.398,1
588.784,1
589.9,1
590.058,1
591.32,1
592.74,1
593.568,1
594.816,1
597,1
597.132,1
598.458,1
599.165,1
599.292,1
599.9,1
599.98,1
599.985,1
599.99,1
600.53,1
601.3,1
601.47,1
601.65,1
602.651,1
604.656,1
604.768,1
605.34,1
605.88,1
607.52,1
611.058,1
613.908,1
613.9992,1
614.272,1
616.998,1
617.7,1
619.152,1
620.6145,1
621.76,1
622.45,1
623.4648,1
625.99,1
626.1,1
628.81,1
629.064,1
629.184,1
629.64,1
629.93,1
629.958,1
630.024,1
631.176,1
634.116,1
635.96,1
636.408,1
636.86,1
637.44,1
638.288,1
638.73,1
639.968,1
641.96,1
643.136,1
644.076,1
646.2,1
646.272,1
646.74,1
646.776,1
647.904,1
649,1
650.352,1
652.45,1
652.995,1
655.9,1
657.504,1
657.552,1
658.746,1
659.168,1
659.97,1
659.988,1
661.176,1
662.84,1
663.072,1
663.92,1
663.936,1
664.146,1
665.408,1
666.248,1
666.344,1
666.4,1
668.16,1
669.08,1
670.752,1
671.544,1
671.94,1
671.984,1
673.344,1
674.058,1
675.06,1
675.12,1
675.96,1
676.55,1
679.96,1
680.01,1
683.144,1
683.332,1
683.952,1
683.988,1
686.32,1
686.4,1
687.4,1
689.408,1
689.82,1
691.96,1
692.472,1
692.94,1
695.16,1
696.42,1
699.93,1
700.056,1
700.152,1
701.372,1
703.71,1
703.968,1
704.9,1
705.544,1
707.88,1
710.832,1
713.88,1
715.2,1
716,1
717.12,1
718.116,1
718.64,1
719.952,1
719.96,1
719.976,1
721.875,1
724.08,1
725.344,1
727.296,1
727.45,1
728.82,1
728.946,1
730.2,1
731.94,1
733.95,1
742.336,1
743.988,1
744.1,1
747.558,1
748.752,1
750.68,1
751.92,1
751.984,1
754.45,1
755.944,1
755.96,1
758.352,1
760.116,1
760.98,1
761.544,1
762.594,1
763.28,1
763.44,1
764.688,1
765.625,1
767.214,1
767.952,1
769.184,1
769.95,1
770.352,1
773.94,1
775.728,1
776.85,1
777.21,1
779.796,1
781.864,1
782.94,1
785.88,1
786.48,1
786.744,1
787.53,1
791.88,1
791.964,1
795.408,1
795.48,1
795.51,1
796.425,1
799.56,1
799.92,1
799.96,1
799.984,1
801.6,1
806.336,1
807.75,1
811.28,1
812.736,1
815.292,1
818.376,1
821.3,1
821.94,1
824.95,1
824.97,1
825.174,1
826,1
826.11,1
826.62,1
828.6,1
828.84,1
831.2,1
831.936,1
832.93,1
833.94,1
835.17,1
836.592,1
838.38,1
839.43,1
839.988,1
842.352,1
842.376,1
842.72,1
842.94,1
845.488,1
845.728,1
848.544,1
849.95,1
850.5,1
853.092,1
854.352,1
854.94,1
856.656,1
858.24,1
860.93,1
861.76,1
862.344,1
863.64,1
863.88,1
863.928,1
866.646,1
868.59,1
871.4,1
871.8,1
876.3,1
883.92,1
885.528,1
887.103,1
887.84,1
889.536,1
890.841,1
892.136,1
892.35,1
892.98,1
895.944,1
896.328,1
897.15,1
899.95,1
899.97,1
899.982,1
904.9,1
906.68,1
907.152,1
908.82,1
909.12,1
909.72,1
911.424,1
911.984,1
912.75,1
914.97,1
917.9235,1
918.785,1
933.262,1
933.408,1
933.536,1
934.956,1
942.784,1
944.93,1
945.036,1
946.764,1
947.17,1
957.5775,1
959.968,1
961.48,1
962.08,1
963.136,1
965.85,1
966.7,1
968.744,1
971.5,1
971.88,1
974.988,1
977.292,1
978.84,1
981.372,1
989.97,1
991.2,1
991.764,1
998.82,1
998.85,1
999.432,1
999.96,1
1003.62,1
1004.024,1
1004.976,1
1006.056,1
1007.232,1
1007.944,1
1007.979,1
1012.68,1
1013.488,1
1013.832,1
1016.792,1
1018.104,1
1022.97,1
1023.332,1
1023.936,1
1024.38,1
1024.716,1
1025.88,1
1029.95,1
1035.8,1
1038.84,1
1039.728,1
1039.992,1
1040.8,1
1043.92,1
1048.35,1
1049.44,1
1049.93,1
1049.97,1
1053.164,1
1059.12,1
1067.94,1
1071,1
1071.576,1
1075.088,1
1079.316,1
1079.85,1
1079.976,1
1080.096,1
1082.48,1
1087.936,1
1088.76,1
1088.792,1
1090.782,1
1091.93,1
1097.544,1
1099.5,1
1101.48,1
1103.97,1
1106.91,1
1112.94,1
1113.024,1
1113.504,1
1114.272,1
1114.4,1
1115.17,1
1115.91,1
1119.888,1
1119.984,1
1121.568,1
1123.128,1
1123.92,1
1125.488,1
1127.976,1
1128.39,1
1133.35,1
1137.75,1
1139.92,1
1141.47,1
1141.938,1
1145.6,1
1159.056,1
1166.92,1
1169.694,1
1184.72,1
1188,1
1194.165,1
1196.86,1
1198.33,1
1199.8,1
1199.96,1
1199.98,1
1202.94,1
1207.84,1
1212.848,1
1214.85,1
1215.92,1
1218.735,1
1219.96,1
1227.9984,1
1228.465,1
1242.9,1
1245.86,1
1252.704,1
1256.22,1
1259.93,1
1259.97,1
1261.33,1
1263.3,1
1265.85,1
1266.86,1
1267.53,1
1267.65,1
1268.82,1
1270.99,1
1272.63,1
1279.165,1
1279.968,1
1282.41,1
1292.94,1
1293.488,1
1294.75,1
1295.78,1
1295.84,1
1297.368,1
1298.55,1
1299.66,1
1299.99,1
1317.492,1
1319.8,1
1319.96,1
1322.352,1
1322.93,1
1323.9,1
1332.496,1
1335.68,1
1336.44,1
1336.829,1
1345.485,1
1347.52,1
1348.704,1
1349.85,1
1349.91,1
1350.12,1
1352.032,1
1352.3976,1
1359.96,1
1362.9,1
1367.84,1
1379.92,1
1394.95,1
1395.54,1
1399.944,1
1399.98,1
1406.86,1
1408.1,1
1415.76,1
1424.9,1
1432,1
1439.92,1
1439.976,1
1439.982,1
1441.3,1
1443.96,1
1447.65,1
1448.82,1
1454.49,1
1454.9,1
1458.65,1
1471.96,1
1473.1,1
1474.802,1
1478.272,1
1487.976,1
1488.424,1
1496.16,1
1497.666,1
1499.95,1
1499.97,1
1502.376,1
1503.25,1
1504.52,1
1516.2,1
1522.638,1
1525.188,1
1526.56,1
1537.074,1
1548.99,1
1552.831,1
1554.936,1
1564.29,1
1565.88,1
1568.61,1
1573.488,1
1575.14,1
1579.746,1
1586.69,1
1591.02,1
1592.85,1
1598.058,1
1599.92,1
1604.9,1
1606.23,1
1614.582,1
1618.37,1
1619.91,1
1626.192,1
1633.14,1
1633.188,1
1649.75,1
1665.62,1
1669.6,1
1673.184,1
1676.88,1
1679.96,1
1684.752,1
1685.88,1
1690.04,1
1702.12,1
1704.56,1
1704.89,1
1706.184,1
1718.4,1
1737.18,1
1740.06,1
1747.25,1
1779.9,1
1781.682,1
1799.75,1
1799.994,1
1805.88,1
1819.86,1
1856.19,1
1871.88,1
1875.258,1
1889.946,1
1889.99,1
1913.4,1
1924.16,1
1925.88,1
1927.59,1
1928.78,1
1931.04,1
1931.958,1
1951.84,1
1979.7,1
1979.89,1
1979.928,1
1983.968,1
2001.86,1
2003.168,1
2003.52,1
2022.272,1
2025.36,1
2033.584,1
2036.86,1
2054.272,1
2060.744,1
2065.32,1
2079.4,1
2104.55,1
2152.776,1
2154.9,1
2177.584,1
2239.936,1
2244.48,1
2254.41,1
2275.5,1
2279.96,1
2309.65,1
2314.116,1
2321.9,1
2348.82,1
2357.488,1
2395.2,1
2396.2656,1
2396.4,1
2399.6,1
2404.704,1
2405.2,1
2430.08,1
2453.43,1
2479.96,1
2504.74,1
2518.29,1
2519.958,1
2541.98,1
2548.56,1
2549.985,1
2563.056,1
2567.84,1
2573.82,1
2575.944,1
2591.56,1
2621.322,1
2624.985,1
2625.12,1
2665.62,1
2676.672,1
2678.94,1
2690.97,1
2715.93,1
2735.952,1
2793.528,1
2799.944,1
2807.84,1
2879.952,1
2887.056,1
2888.127,1
2934.33,1
2939.93,1
2973.32,1
3023.928,1
3040,1
3050.376,1
3080,1
3083.43,1
3149.93,1
3266.376,1
3347.37,1
3357.6,1
3359.952,1
3393.68,1
3404.5,1
3406.664,1
3499.93,1
3504.9,1
3610.848,1
3785.292,1
3812.97,1
3930.072,1
3991.98,1
3999.95,1
4007.84,1
4158.912,1
4228.704,1
4297.644,1
4305.552,1
4355.168,1
4367.896,1
4404.9,1
4416.174,1
4476.8,1
4499.985,1
4535.976,1
4548.81,1
4643.8,1
4663.736,1
4799.984,1
4912.59,1
5083.96,1
5199.96,1
5399.91,1
5443.96,1
6354.95,1
6999.96,1
7999.98,1
8159.952,1
8187.65,1
8399.976,1
8749.95,1
9099.93,1
9449.95,1
9892.74,1
10499.97,1
11199.968,1
13999.96,1
17499.95,1
22638.48,1
